species,sex,bill_length_mm,bill_depth_mm,flipper_length_mm,body_mass_g
Adelie,Female,37.2575342465753,17.6219178082192,187.794520547945,3368.83561643836
Adelie,Male,40.3904109589041,19.072602739726,192.41095890411,4043.49315068493
Adelie,Missing [Note 3],[c],[c],[c],[c]
Chinstrap,Female,46.5735294117647,17.5882352941176,191.735294117647,3527.20588235294
Chinstrap,Male,51.0941176470588,19.2529411764706,199.911764705882,3938.97058823529
Gentoo,Female,45.5637931034483,14.2379310344828,212.706896551724,4679.74137931035
Gentoo,Male,49.4737704918033,15.7180327868852,221.540983606557,5484.83606557377
Gentoo,Missing [Note 3],[c],[c],[c],[c]
