species,female,bill_length_mm,body_mass_g
Adelie,FALSE,40.39041095890411,4043.4931506849316
Adelie,TRUE,37.25753424657534,3368.8356164383563
Chinstrap,FALSE,51.09411764705882,3938.970588235294
Chinstrap,TRUE,46.5735294117647,3527.205882352941
Gentoo,FALSE,49.47377049180328,5484.836065573771
Gentoo,TRUE,45.563793103448276,4679.741379310345
